Goal,Optimal_Actions,LLM_Optimal_Actions,Vital_Action_Predicates,Vital_Objects,Time_Limit_Exceeded,Error,Expanded_Number,Planning_Time_Total,Current_Cost,Action_Number,Recorded_Action_List,Tick_Time
IsPlugged_tv & IsIn_creamybuns_coffeemaker & IsClose_coffeemaker,"['Walk_creamybuns', 'RightGrab_creamybuns', 'Walk_coffeemaker', 'PlugIn_coffeemaker', 'Open_coffeemaker', 'RightPutIn_creamybuns_coffeemaker', 'Close_coffeemaker', 'Walk_tv', 'PlugIn_tv']","['Walk_tv', 'PlugIn_tv', 'Walk_creamybuns', 'RightGrab_creamybuns', 'Walk_coffeemaker', 'Close_coffeemaker']","['Walk', 'RightGrab', 'PlugIn', 'Open', 'RightPutIn', 'Close']","['creamybuns', 'coffeemaker', 'tv']",False,False,55,4.556351661682129,82,9,"['Walk(creamybuns)', 'RightGrab(creamybuns)', 'Walk(tv)', 'PlugIn(tv)', 'Walk(coffeemaker)', 'PlugIn(coffeemaker)', 'Open(coffeemaker)', 'RightPutIn(creamybuns,coffeemaker)', 'Close(coffeemaker)']",1615
IsNear_self_cookingpot & IsSwitchedOn_oven & IsPlugged_cellphone,"['Walk_cellphone', 'PlugIn_cellphone', 'Walk_oven', 'PlugIn_oven', 'SwitchOn_oven', 'Walk_cookingpot']","['Walk_cookingpot', 'RightGrab_cookingpot', 'Walk_oven', 'SwitchOn_oven', 'Walk_cellphone', 'PlugIn_cellphone']","['Walk', 'PlugIn', 'SwitchOn']","['cellphone', 'oven', 'cookingpot']",False,False,14,0.9847671985626221,69,6,"['Walk(cellphone)', 'PlugIn(cellphone)', 'Walk(oven)', 'PlugIn(oven)', 'SwitchOn(oven)', 'Walk(cookingpot)']",302
IsClean_cuttingboard & IsOn_hairproduct_nightstand & IsOpen_milk,"['Walk_milk', 'Open_milk', 'Walk_hairproduct', 'LeftGrab_hairproduct', 'Walk_rag', 'RightGrab_rag', 'Walk_cuttingboard', 'Wipe_cuttingboard', 'Walk_nightstand', 'LeftPut_hairproduct_nightstand']","['Walk_cuttingboard', 'RightGrab_duster', 'Wipe_cuttingboard', 'Walk_hairproduct', 'RightGrab_hairproduct', 'Walk_nightstand', 'Open_milk']","['Walk', 'Open', 'LeftGrab', 'RightGrab', 'Wipe', 'LeftPut']","['milk', 'hairproduct', 'rag', 'cuttingboard', 'nightstand']",False,False,49,2.501444101333618,103,10,"['Walk(rag)', 'RightGrab(rag)', 'Walk(milk)', 'Open(milk)', 'Walk(hairproduct)', 'LeftGrab(hairproduct)', 'Walk(nightstand)', 'LeftPut(hairproduct,nightstand)', 'Walk(cuttingboard)', 'Wipe(cuttingboard)']",1543
IsPlugged_coffeemaker & IsCut_pie & IsCut_carrot,"['Walk_coffeemaker', 'Open_coffeemaker', 'PlugIn_coffeemaker', 'Walk_carrot', 'LeftGrab_carrot', 'Walk_kitchenknife', 'RightGrab_kitchenknife', 'Cut_carrot', 'Walk_coffeemaker', 'LeftPutIn_carrot_coffeemaker', 'Walk_pie', 'LeftGrab_pie', 'Cut_pie']","['Walk_coffeemaker', 'PlugIn_coffeemaker', 'Walk_kitchenknife', 'RightGrab_kitchenknife', 'Walk_pie', 'RightGrab_pie', 'Cut_pie', 'Walk_carrot', 'RightGrab_carrot', 'Cut_carrot']","['Walk', 'Open', 'PlugIn', 'LeftGrab', 'RightGrab', 'Cut', 'LeftPutIn']","['coffeemaker', 'carrot', 'kitchenknife', 'pie']",False,False,64,4.516901016235352,129,13,"['Walk(kitchenknife)', 'RightGrab(kitchenknife)', 'Walk(coffeemaker)', 'PlugIn(coffeemaker)', 'Open(coffeemaker)', 'Walk(carrot)', 'LeftGrab(carrot)', 'Walk(coffeemaker)', 'Cut(carrot)', 'LeftPutIn(carrot,coffeemaker)', 'Walk(pie)', 'LeftGrab(pie)', 'Cut(pie)']",2206
IsCut_peach & IsIn_mug_nightstand & IsClose_nightstand,"['Walk_mug', 'RightGrab_mug', 'Walk_nightstand', 'Open_nightstand', 'RightPutIn_mug_nightstand', 'Close_nightstand', 'Walk_peach', 'LeftGrab_peach', 'Walk_kitchenknife', 'RightGrab_kitchenknife', 'Cut_peach']","['Walk_peach', 'RightGrab_peach', 'Walk_kitchenknife', 'RightGrab_kitchenknife', 'Walk_mug', 'RightPutIn_peach_mug', 'RightPutIn_kitchenknife_mug']","['Walk', 'RightGrab', 'Open', 'RightPutIn', 'Close', 'LeftGrab', 'Cut']","['mug', 'nightstand', 'peach', 'kitchenknife']",False,False,37,2.999136447906494,100,11,"['Walk(mug)', 'RightGrab(mug)', 'Walk(nightstand)', 'Open(nightstand)', 'RightPutIn(mug,nightstand)', 'Close(nightstand)', 'Walk(kitchenknife)', 'RightGrab(kitchenknife)', 'Walk(peach)', 'LeftGrab(peach)', 'Cut(peach)']",1248
IsOpen_stove & IsOpen_oven,"['Walk_stove', 'Open_stove', 'Walk_oven', 'Open_oven']","['Walk_stove', 'Open_stove', 'Walk_oven', 'Open_oven']","['Walk', 'Open']","['stove', 'oven']",False,False,8,0.27282285690307617,36,4,"['Walk(stove)', 'Open(stove)', 'Walk(oven)', 'Open(oven)']",131
IsIn_cellphone_cookingpot & IsClose_cookingpot & IsSwitchedOn_remotecontrol,"['Walk_remotecontrol', 'SwitchOn_remotecontrol', 'Walk_cellphone', 'RightGrab_cellphone', 'Walk_cookingpot', 'Open_cookingpot', 'RightPutIn_cellphone_cookingpot', 'Close_cookingpot']","['Walk_cellphone', 'RightGrab_cellphone', 'Walk_cookingpot', 'RightPutIn_cellphone_cookingpot', 'Close_cookingpot', 'Walk_remotecontrol', 'SwitchOn_remotecontrol']","['Walk', 'SwitchOn', 'RightGrab', 'Open', 'RightPutIn', 'Close']","['remotecontrol', 'cellphone', 'cookingpot']",False,False,34,2.3889482021331787,89,9,"['Walk(cellphone)', 'RightGrab(cellphone)', 'Walk(cookingpot)', 'Open(cookingpot)', 'Walk(remotecontrol)', 'SwitchOn(remotecontrol)', 'Walk(cookingpot)', 'RightPutIn(cellphone,cookingpot)', 'Close(cookingpot)']",1024
IsSwitchedOn_cellphone & IsPlugged_mouse & IsPlugged_tv,"['Walk_tv', 'PlugIn_tv', 'Walk_cellphone', 'PlugIn_cellphone', 'SwitchOn_cellphone', 'Walk_mouse', 'PlugIn_mouse']","['Walk_mouse', 'RightGrab_mouse', 'Walk_wallphone', 'SwitchOn_wallphone', 'Walk_tv', 'PlugIn_tv', 'SwitchOn_tv', 'Walk_cellphone', 'SwitchOn_cellphone']","['Walk', 'PlugIn', 'SwitchOn']","['tv', 'cellphone', 'mouse']",False,False,35,2.234696626663208,77,7,"['Walk(tv)', 'PlugIn(tv)', 'Walk(cellphone)', 'PlugIn(cellphone)', 'SwitchOn(cellphone)', 'Walk(mouse)', 'PlugIn(mouse)']",847
IsIn_slippers_desk & IsClose_desk & IsSwitchedOn_candle,"['Walk_slippers', 'RightGrab_slippers', 'Walk_desk', 'Open_desk', 'RightPutIn_slippers_desk', 'Close_desk', 'Walk_candle', 'SwitchOn_candle']","['Walk_slippers', 'RightGrab_slippers', 'Walk_desk', 'RightPutIn_slippers_desk', 'Close_desk', 'Walk_candle', 'SwitchOn_candle']","['Walk', 'RightGrab', 'Open', 'RightPutIn', 'Close', 'SwitchOn']","['slippers', 'desk', 'candle']",False,False,34,2.37575364112854,89,9,"['Walk(slippers)', 'RightGrab(slippers)', 'Walk(desk)', 'Open(desk)', 'Walk(candle)', 'SwitchOn(candle)', 'Walk(desk)', 'RightPutIn(slippers,desk)', 'Close(desk)']",1027
IsIn_oventray_oven & IsClose_oven & IsSwitchedOn_faucet,"['Walk_oventray', 'RightGrab_oventray', 'Walk_faucet', 'SwitchOn_faucet', 'Walk_oven', 'PlugIn_oven', 'Open_oven', 'RightPutIn_oventray_oven', 'Close_oven']","['Walk_oventray', 'RightGrab_oventray', 'Walk_oven', 'Close_oven', 'Walk_faucet', 'SwitchOn_faucet']","['Walk', 'RightGrab', 'SwitchOn', 'PlugIn', 'Open', 'RightPutIn', 'Close']","['oventray', 'faucet', 'oven']",False,False,44,3.525815486907959,82,9,"['Walk(oventray)', 'RightGrab(oventray)', 'Walk(faucet)', 'SwitchOn(faucet)', 'Walk(oven)', 'PlugIn(oven)', 'Open(oven)', 'RightPutIn(oventray,oven)', 'Close(oven)']",1324
IsClean_brush & IsPlugged_fridge,"['Walk_fridge', 'PlugIn_fridge', 'Walk_rag', 'LeftGrab_rag', 'Walk_brush', 'Wipe_brush']","['Walk_brush', 'RightGrab_brush', 'Walk_faucet', 'SwitchOn_faucet', 'Wash_brush', 'Walk_fridge', 'PlugIn_fridge']","['Walk', 'PlugIn', 'LeftGrab', 'Wipe']","['fridge', 'rag', 'brush']",False,False,13,0.3525223731994629,67,6,"['Walk(fridge)', 'PlugIn(fridge)', 'Walk(rag)', 'LeftGrab(rag)', 'Walk(brush)', 'Wipe(brush)']",270
IsClean_bathtub & IsPlugged_oven,"['Walk_rag', 'RightGrab_rag', 'Walk_oven', 'PlugIn_oven', 'Walk_bathtub', 'Wipe_bathtub']","['Walk_bathtub', 'RightGrab_bathtub', 'Walk_faucet', 'SwitchOn_faucet', 'Wash_bathtub', 'Walk_oven', 'PlugIn_oven']","['Walk', 'RightGrab', 'PlugIn', 'Wipe']","['rag', 'oven', 'bathtub']",False,False,14,1.0061254501342773,67,6,"['Walk(rag)', 'RightGrab(rag)', 'Walk(bathtub)', 'Wipe(bathtub)', 'Walk(oven)', 'PlugIn(oven)']",271
IsSwitchedOn_washingmachine & IsOn_mouse_mousemat & IsSwitchedOn_remotecontrol,"['Walk_remotecontrol', 'SwitchOn_remotecontrol', 'Walk_washingmachine', 'PlugIn_washingmachine', 'SwitchOn_washingmachine', 'Walk_mouse', 'RightGrab_mouse', 'Walk_mousemat', 'RightPut_mouse_mousemat']","['Walk_washingmachine', 'SwitchOn_washingmachine', 'Walk_mouse', 'RightGrab_mouse', 'Walk_mousemat', 'RightPut_mouse_mousemat', 'Walk_remotecontrol', 'SwitchOn_remotecontrol']","['Walk', 'SwitchOn', 'PlugIn', 'RightGrab', 'RightPut']","['remotecontrol', 'washingmachine', 'mouse', 'mousemat']",False,False,41,3.140171766281128,95,9,"['Walk(remotecontrol)', 'SwitchOn(remotecontrol)', 'Walk(washingmachine)', 'PlugIn(washingmachine)', 'SwitchOn(washingmachine)', 'Walk(mouse)', 'RightGrab(mouse)', 'Walk(mousemat)', 'RightPut(mouse,mousemat)']",835
IsOpen_washingmachine & IsCut_salmon,"['Walk_washingmachine', 'Open_washingmachine', 'Walk_salmon', 'LeftGrab_salmon', 'Walk_kitchenknife', 'RightGrab_kitchenknife', 'Cut_salmon']","['Walk_washingmachine', 'RightGrab_washingmachine', 'Open_washingmachine', 'Walk_kitchenknife', 'RightGrab_kitchenknife', 'Walk_salmon', 'LeftGrab_salmon', 'Cut_salmon']","['Walk', 'Open', 'LeftGrab', 'RightGrab', 'Cut']","['washingmachine', 'salmon', 'kitchenknife']",False,False,17,1.0987787246704102,67,7,"['Walk(washingmachine)', 'Open(washingmachine)', 'Walk(kitchenknife)', 'RightGrab(kitchenknife)', 'Walk(salmon)', 'LeftGrab(salmon)', 'Cut(salmon)']",342
IsOpen_oven & IsOn_mug_floor,"['Walk_mug', 'LeftGrab_mug', 'Walk_floor', 'LeftPut_mug_floor', 'Walk_oven', 'Open_oven']","['Walk_oven', 'Open_oven', 'Walk_mug', 'RightGrab_mug', 'Walk_floor', 'RightPut_mug_floor']","['Walk', 'LeftGrab', 'LeftPut', 'Open']","['mug', 'floor', 'oven']",False,False,12,0.49886012077331543,59,6,"['Walk(mug)', 'LeftGrab(mug)', 'Walk(floor)', 'LeftPut(mug,floor)', 'Walk(oven)', 'Open(oven)']",236
IsSwitchedOn_cellphone & IsCut_bananas,"['Walk_kitchenknife', 'RightGrab_kitchenknife', 'Walk_cellphone', 'PlugIn_cellphone', 'SwitchOn_cellphone', 'Walk_bananas', 'LeftGrab_bananas', 'Cut_bananas']","['Walk_cellphone', 'SwitchOn_cellphone', 'Walk_bananas', 'RightGrab_bananas', 'Walk_kitchenknife', 'RightGrab_kitchenknife', 'Cut_bananas']","['Walk', 'RightGrab', 'PlugIn', 'SwitchOn', 'LeftGrab', 'Cut']","['kitchenknife', 'cellphone', 'bananas']",False,False,24,1.9259750843048096,80,8,"['Walk(cellphone)', 'PlugIn(cellphone)', 'SwitchOn(cellphone)', 'Walk(kitchenknife)', 'RightGrab(kitchenknife)', 'Walk(bananas)', 'LeftGrab(bananas)', 'Cut(bananas)']",594
IsSwitchedOn_wallphone & IsClean_condimentbottle,"['Walk_rag', 'RightGrab_rag', 'Walk_condimentbottle', 'Wipe_condimentbottle', 'Walk_wallphone', 'PlugIn_wallphone', 'SwitchOn_wallphone']","['Walk_wallphone', 'SwitchOn_wallphone', 'Walk_condimentbottle', 'RightGrab_condimentbottle', 'Walk_sink', 'SwitchOn_faucet', 'Wash_condimentbottle']","['Walk', 'RightGrab', 'Wipe', 'PlugIn', 'SwitchOn']","['rag', 'condimentbottle', 'wallphone']",False,False,26,1.6846892833709717,75,7,"['Walk(wallphone)', 'PlugIn(wallphone)', 'SwitchOn(wallphone)', 'Walk(rag)', 'RightGrab(rag)', 'Walk(condimentbottle)', 'Wipe(condimentbottle)']",499
IsIn_hanger_kitchencabinet & IsClose_kitchencabinet & IsOpen_dishwasher,"['Walk_hanger', 'RightGrab_hanger', 'Walk_dishwasher', 'Open_dishwasher', 'Walk_kitchencabinet', 'Open_kitchencabinet', 'RightPutIn_hanger_kitchencabinet', 'Close_kitchencabinet']","['Walk_hanger', 'RightGrab_hanger', 'Walk_kitchencabinet', 'RightPutIn_hanger_kitchencabinet', 'Close_kitchencabinet', 'Walk_dishwasher', 'Open_dishwasher']","['Walk', 'RightGrab', 'Open', 'RightPutIn', 'Close']","['hanger', 'dishwasher', 'kitchencabinet']",False,False,32,2.1697838306427,69,8,"['Walk(hanger)', 'RightGrab(hanger)', 'Walk(dishwasher)', 'Open(dishwasher)', 'Walk(kitchencabinet)', 'Open(kitchencabinet)', 'RightPutIn(hanger,kitchencabinet)', 'Close(kitchencabinet)']",864
IsClean_oventray & IsSwitchedOn_tv,"['Walk_tv', 'PlugIn_tv', 'SwitchOn_tv', 'Walk_rag', 'RightGrab_rag', 'Walk_oventray', 'Wipe_oventray']","['Walk_oventray', 'RightGrab_oventray', 'Walk_sink', 'Wipe_oventray', 'Walk_tv', 'SwitchOn_tv']","['Walk', 'PlugIn', 'SwitchOn', 'RightGrab', 'Wipe']","['tv', 'rag', 'oventray']",False,False,26,1.4971890449523926,75,7,"['Walk(tv)', 'PlugIn(tv)', 'SwitchOn(tv)', 'Walk(rag)', 'RightGrab(rag)', 'Walk(oventray)', 'Wipe(oventray)']",499
IsOpen_book & IsSwitchedOn_fridge,"['Walk_fridge', 'PlugIn_fridge', 'SwitchOn_fridge', 'Walk_book', 'Open_book']","['Walk_book', 'RightGrab_book', 'Open_book', 'Walk_fridge', 'SwitchOn_fridge']","['Walk', 'PlugIn', 'SwitchOn', 'Open']","['fridge', 'book']",False,False,13,0.6345453262329102,49,5,"['Walk(book)', 'Open(book)', 'Walk(fridge)', 'PlugIn(fridge)', 'SwitchOn(fridge)']",264
IsClean_boardgame & IsNear_self_poundcake & IsCut_cutlets,"['Walk_rag', 'LeftGrab_rag', 'Walk_boardgame', 'Wipe_boardgame', 'LeftPut_rag_boardgame', 'Walk_kitchenknife', 'RightGrab_kitchenknife', 'Walk_cutlets', 'LeftGrab_cutlets', 'Walk_poundcake', 'Cut_cutlets']","['Walk_boardgame', 'RightGrab_boardgame', 'Walk_poundcake', 'RightGrab_poundcake', 'Walk_kitchenknife', 'RightGrab_kitchenknife', 'Walk_cutlets', 'LeftGrab_cutlets', 'Cut_cutlets']","['Walk', 'LeftGrab', 'Wipe', 'LeftPut', 'RightGrab', 'Cut']","['rag', 'boardgame', 'kitchenknife', 'cutlets', 'poundcake']",False,False,44,1.8257219791412354,114,11,"['Walk(rag)', 'LeftGrab(rag)', 'Walk(boardgame)', 'Wipe(boardgame)', 'LeftPut(rag,boardgame)', 'Walk(kitchenknife)', 'RightGrab(kitchenknife)', 'Walk(cutlets)', 'LeftGrab(cutlets)', 'Walk(poundcake)', 'Cut(cutlets)']",1277
IsClean_oven & IsOpen_magazine,"['Walk_magazine', 'Open_magazine', 'Walk_rag', 'LeftGrab_rag', 'Walk_oven', 'Wipe_oven']","['Walk_oven', 'RightGrab_rag', 'Wipe_oven', 'Walk_magazine', 'Open_magazine']","['Walk', 'Open', 'LeftGrab', 'Wipe']","['magazine', 'rag', 'oven']",False,False,13,0.6024229526519775,62,6,"['Walk(magazine)', 'Open(magazine)', 'Walk(rag)', 'LeftGrab(rag)', 'Walk(oven)', 'Wipe(oven)']",276
IsNear_self_bookshelf & IsOpen_closet & IsCut_apple,"['Walk_closet', 'Open_closet', 'Walk_apple', 'LeftGrab_apple', 'Walk_kitchenknife', 'RightGrab_kitchenknife', 'Walk_bookshelf', 'Cut_apple']","['Walk_bookshelf', 'RightGrab_bookshelf', 'Walk_closet', 'Open_closet', 'Walk_kitchenknife', 'RightGrab_kitchenknife', 'Walk_apple', 'LeftGrab_apple', 'Cut_apple']","['Walk', 'Open', 'LeftGrab', 'RightGrab', 'Cut']","['closet', 'apple', 'kitchenknife', 'bookshelf']",False,False,20,0.9918522834777832,82,8,"['Walk(closet)', 'Open(closet)', 'Walk(kitchenknife)', 'RightGrab(kitchenknife)', 'Walk(apple)', 'LeftGrab(apple)', 'Walk(bookshelf)', 'Cut(apple)']",526
IsOn_toy_coffeetable & IsPlugged_toaster,"['Walk_toaster', 'PlugIn_toaster', 'Walk_toy', 'LeftGrab_toy', 'Walk_coffeetable', 'LeftPut_toy_coffeetable']","['Walk_toy', 'RightGrab_toy', 'Walk_coffeetable', 'RightPut_toy_coffeetable', 'Walk_toaster', 'PlugIn_toaster']","['Walk', 'PlugIn', 'LeftGrab', 'LeftPut']","['toaster', 'toy', 'coffeetable']",False,False,12,0.38341784477233887,64,6,"['Walk(toaster)', 'PlugIn(toaster)', 'Walk(toy)', 'LeftGrab(toy)', 'Walk(coffeetable)', 'LeftPut(toy,coffeetable)']",236
IsCut_bananas & IsIn_juice_microwave & IsClose_microwave,"['Walk_juice', 'RightGrab_juice', 'Walk_microwave', 'Open_microwave', 'PlugIn_microwave', 'RightPutIn_juice_microwave', 'Close_microwave', 'Walk_kitchenknife', 'RightGrab_kitchenknife', 'Walk_bananas', 'LeftGrab_bananas', 'Cut_bananas']","['Walk_bananas', 'RightGrab_bananas', 'Walk_kitchenknife', 'RightGrab_kitchenknife', 'Walk_juice', 'RightPutIn_bananas_juice', 'Walk_microwave', 'Close_microwave']","['Walk', 'RightGrab', 'Open', 'PlugIn', 'RightPutIn', 'Close', 'LeftGrab', 'Cut']","['juice', 'microwave', 'kitchenknife', 'bananas']",False,False,62,5.107219696044922,108,12,"['Walk(juice)', 'RightGrab(juice)', 'Walk(microwave)', 'PlugIn(microwave)', 'Open(microwave)', 'RightPutIn(juice,microwave)', 'Close(microwave)', 'Walk(bananas)', 'LeftGrab(bananas)', 'Walk(kitchenknife)', 'RightGrab(kitchenknife)', 'Cut(bananas)']",2347
IsOn_salad_bookshelf & IsClean_stove & IsPlugged_keyboard,"['Walk_keyboard', 'PlugIn_keyboard', 'Walk_salad', 'LeftGrab_salad', 'Walk_bookshelf', 'LeftPut_salad_bookshelf', 'Walk_rag', 'RightGrab_rag', 'Walk_stove', 'Wipe_stove']","['Walk_salad', 'RightGrab_salad', 'Walk_bookshelf', 'RightPut_salad_bookshelf', 'Walk_stove', 'Walk_rag', 'RightGrab_rag', 'Wipe_stove', 'Walk_keyboard', 'PlugIn_keyboard']","['Walk', 'PlugIn', 'LeftGrab', 'LeftPut', 'RightGrab', 'Wipe']","['keyboard', 'salad', 'bookshelf', 'rag', 'stove']",False,False,36,1.6718029975891113,108,10,"['Walk(rag)', 'RightGrab(rag)', 'Walk(salad)', 'LeftGrab(salad)', 'Walk(bookshelf)', 'LeftPut(salad,bookshelf)', 'Walk(keyboard)', 'PlugIn(keyboard)', 'Walk(stove)', 'Wipe(stove)']",1110
IsIn_breadslice_oven & IsClose_oven & IsOn_bananas_boardgame,"['Walk_bananas', 'LeftGrab_bananas', 'Walk_breadslice', 'RightGrab_breadslice', 'Walk_boardgame', 'LeftPut_bananas_boardgame', 'Walk_oven', 'Open_oven', 'PlugIn_oven', 'RightPutIn_breadslice_oven', 'Close_oven']","['Walk_breadslice', 'RightGrab_breadslice', 'Walk_oven', 'RightPutIn_breadslice_oven', 'Close_oven', 'Walk_bananas', 'RightGrab_bananas', 'Walk_boardgame', 'RightPut_bananas_boardgame']","['Walk', 'LeftGrab', 'RightGrab', 'LeftPut', 'Open', 'PlugIn', 'RightPutIn', 'Close']","['bananas', 'breadslice', 'boardgame', 'oven']",False,False,51,3.6104848384857178,100,11,"['Walk(bananas)', 'LeftGrab(bananas)', 'Walk(boardgame)', 'LeftPut(bananas,boardgame)', 'Walk(breadslice)', 'RightGrab(breadslice)', 'Walk(oven)', 'PlugIn(oven)', 'Open(oven)', 'RightPutIn(breadslice,oven)', 'Close(oven)']",1354
IsNear_self_toiletpaper & IsPlugged_washingmachine & IsClean_oventray,"['Walk_washingmachine', 'PlugIn_washingmachine', 'Walk_rag', 'LeftGrab_rag', 'Walk_oventray', 'Wipe_oventray', 'Walk_toiletpaper']","['Walk_toiletpaper', 'RightGrab_toiletpaper', 'Walk_washingmachine', 'PlugIn_washingmachine', 'Walk_oventray', 'RightGrab_oventray', 'Walk_faucet', 'SwitchOn_faucet', 'Wash_oventray']","['Walk', 'PlugIn', 'LeftGrab', 'Wipe']","['washingmachine', 'rag', 'oventray', 'toiletpaper']",False,False,14,0.37108302116394043,82,7,"['Walk(washingmachine)', 'PlugIn(washingmachine)', 'Walk(rag)', 'LeftGrab(rag)', 'Walk(oventray)', 'Wipe(oventray)', 'Walk(toiletpaper)']",353
IsCut_pie & IsOpen_toothpaste,"['Walk_kitchenknife', 'RightGrab_kitchenknife', 'Walk_toothpaste', 'Open_toothpaste', 'Walk_pie', 'LeftGrab_pie', 'Cut_pie']","['Walk_pie', 'RightGrab_pie', 'Walk_kitchenknife', 'RightGrab_kitchenknife', 'Walk_toothpaste', 'Open_toothpaste']","['Walk', 'RightGrab', 'Open', 'LeftGrab', 'Cut']","['kitchenknife', 'toothpaste', 'pie']",False,False,17,1.352001428604126,67,7,"['Walk(toothpaste)', 'Open(toothpaste)', 'Walk(kitchenknife)', 'RightGrab(kitchenknife)', 'Walk(pie)', 'LeftGrab(pie)', 'Cut(pie)']",342
IsOpen_book & IsOpen_door,"['Walk_door', 'Open_door', 'Walk_book', 'Open_book']","['Walk_book', 'RightGrab_book', 'Open_book', 'Walk_door', 'RightGrab_door', 'Open_door']","['Walk', 'Open']","['door', 'book']",False,False,8,0.2000443935394287,36,4,"['Walk(door)', 'Open(door)', 'Walk(book)', 'Open(book)']",131
IsClean_sink & IsCut_pie & IsClean_folder,"['Walk_rag', 'RightGrab_rag', 'Walk_kitchenknife', 'LeftGrab_kitchenknife', 'Walk_sink', 'LeftPutIn_kitchenknife_sink', 'Wipe_sink', 'Walk_pie', 'LeftGrab_pie', 'Walk_folder', 'Wipe_folder', 'Cut_pie']","['Walk_sink', 'RightGrab_rag', 'Wash_sink', 'Walk_kitchenknife', 'RightGrab_kitchenknife', 'Walk_pie', 'RightGrab_pie', 'Cut_pie', 'Walk_folder', 'RightGrab_folder', 'Wash_folder']","['Walk', 'RightGrab', 'LeftGrab', 'LeftPutIn', 'Wipe', 'Cut']","['rag', 'kitchenknife', 'sink', 'pie', 'folder']",False,False,72,3.3953347206115723,127,12,"['Walk(kitchenknife)', 'LeftGrab(kitchenknife)', 'Walk(rag)', 'RightGrab(rag)', 'Walk(sink)', 'Wipe(sink)', 'LeftPutIn(kitchenknife,sink)', 'Walk(pie)', 'LeftGrab(pie)', 'Walk(folder)', 'Cut(pie)', 'Wipe(folder)']",1670
IsCut_poundcake & IsNear_self_oven & IsIn_clothesshirt_kitchencabinet,"['Walk_clothesshirt', 'RightGrab_clothesshirt', 'Walk_kitchencabinet', 'Open_kitchencabinet', 'RightPutIn_clothesshirt_kitchencabinet', 'Walk_kitchenknife', 'RightGrab_kitchenknife', 'Walk_poundcake', 'LeftGrab_poundcake', 'Walk_oven', 'Cut_poundcake']","['Walk_poundcake', 'RightGrab_poundcake', 'Walk_oven', 'RightPut_oven_poundcake', 'Walk_clothesshirt', 'RightGrab_clothesshirt', 'Walk_kitchencabinet', 'RightPutIn_clothesshirt_kitchencabinet']","['Walk', 'RightGrab', 'Open', 'RightPutIn', 'LeftGrab', 'Cut']","['clothesshirt', 'kitchencabinet', 'kitchenknife', 'poundcake', 'oven']",False,False,62,3.8897652626037598,112,11,"['Walk(clothesshirt)', 'RightGrab(clothesshirt)', 'Walk(kitchencabinet)', 'Open(kitchencabinet)', 'RightPutIn(clothesshirt,kitchencabinet)', 'Walk(kitchenknife)', 'RightGrab(kitchenknife)', 'Walk(poundcake)', 'LeftGrab(poundcake)', 'Walk(oven)', 'Cut(poundcake)']",2182
IsIn_whippedcream_oven & IsClose_oven & IsCut_plum,"['Walk_whippedcream', 'RightGrab_whippedcream', 'Walk_oven', 'PlugIn_oven', 'Open_oven', 'RightPutIn_whippedcream_oven', 'Close_oven', 'Walk_kitchenknife', 'RightGrab_kitchenknife', 'Walk_plum', 'LeftGrab_plum', 'Cut_plum']","['Walk_whippedcream', 'RightGrab_whippedcream', 'Walk_oven', 'RightPutIn_whippedcream_oven', 'Close_oven', 'Walk_plum', 'RightGrab_plum', 'Walk_kitchenknife', 'RightGrab_kitchenknife', 'Cut_plum']","['Walk', 'RightGrab', 'PlugIn', 'Open', 'RightPutIn', 'Close', 'LeftGrab', 'Cut']","['whippedcream', 'oven', 'kitchenknife', 'plum']",True,True,53,5.066499948501587,0,0,[],236
IsNear_self_slippers & IsCut_bananas,"['Walk_kitchenknife', 'RightGrab_kitchenknife', 'Walk_bananas', 'LeftGrab_bananas', 'Walk_slippers', 'Cut_bananas']","['Walk_slippers', 'RightGrab_slippers', 'Walk_bananas', 'RightGrab_bananas', 'Cut_bananas']","['Walk', 'RightGrab', 'LeftGrab', 'Cut']","['kitchenknife', 'bananas', 'slippers']",False,False,16,0.32845091819763184,64,6,"['Walk(kitchenknife)', 'RightGrab(kitchenknife)', 'Walk(bananas)', 'LeftGrab(bananas)', 'Walk(slippers)', 'Cut(bananas)']",263
IsOn_towel_rug & IsCut_pie & IsOpen_coffeepot,"['Walk_coffeepot', 'Open_coffeepot', 'Walk_towel', 'LeftGrab_towel', 'Walk_kitchenknife', 'RightGrab_kitchenknife', 'Walk_rug', 'LeftPut_towel_rug', 'Walk_pie', 'LeftGrab_pie', 'Cut_pie']","['Walk_towel', 'RightGrab_towel', 'Walk_rug', 'RightPut_towel_rug', 'Walk_kitchenknife', 'RightGrab_kitchenknife', 'Walk_pie', 'LeftGrab_pie', 'Cut_pie', 'Walk_coffeepot', 'Open_coffeepot']","['Walk', 'Open', 'LeftGrab', 'RightGrab', 'LeftPut', 'Cut']","['coffeepot', 'towel', 'kitchenknife', 'rug', 'pie']",False,False,49,2.8096985816955566,108,11,"['Walk(coffeepot)', 'Open(coffeepot)', 'Walk(towel)', 'LeftGrab(towel)', 'Walk(rug)', 'LeftPut(towel,rug)', 'Walk(pie)', 'LeftGrab(pie)', 'Walk(kitchenknife)', 'RightGrab(kitchenknife)', 'Cut(pie)']",1173
IsSwitchedOn_cellphone & IsOpen_garbagecan,"['Walk_cellphone', 'PlugIn_cellphone', 'SwitchOn_cellphone', 'Walk_garbagecan', 'Open_garbagecan']","['Walk_cellphone', 'SwitchOn_cellphone', 'Walk_garbagecan', 'Open_garbagecan']","['Walk', 'PlugIn', 'SwitchOn', 'Open']","['cellphone', 'garbagecan']",False,False,11,0.6377754211425781,49,5,"['Walk(cellphone)', 'PlugIn(cellphone)', 'SwitchOn(cellphone)', 'Walk(garbagecan)', 'Open(garbagecan)']",211
IsPlugged_microwave & IsPlugged_wallphone,"['Walk_wallphone', 'PlugIn_wallphone', 'Walk_microwave', 'PlugIn_microwave']","['Walk_microwave', 'PlugIn_microwave', 'Walk_wallphone', 'PlugIn_wallphone']","['Walk', 'PlugIn']","['wallphone', 'microwave']",False,False,8,0.32607293128967285,46,4,"['Walk(wallphone)', 'PlugIn(wallphone)', 'Walk(microwave)', 'PlugIn(microwave)']",131
IsPlugged_dishwasher & IsNear_self_fryingpan,"['Walk_dishwasher', 'PlugIn_dishwasher', 'Walk_fryingpan']","['Walk_fryingpan', 'RightGrab_fryingpan', 'Walk_dishwasher', 'PlugIn_dishwasher']","['Walk', 'PlugIn']","['dishwasher', 'fryingpan']",False,False,4,0.027540206909179688,38,3,"['Walk(dishwasher)', 'PlugIn(dishwasher)', 'Walk(fryingpan)']",57
IsSwitchedOn_coffeemaker & IsNear_self_toothbrush & IsPlugged_radio,"['Walk_coffeemaker', 'PlugIn_coffeemaker', 'SwitchOn_coffeemaker', 'Walk_radio', 'PlugIn_radio', 'Walk_toothbrush']","['Walk_coffeemaker', 'SwitchOn_coffeemaker', 'Walk_toothbrush', 'RightGrab_toothbrush', 'Walk_radio', 'PlugIn_radio']","['Walk', 'PlugIn', 'SwitchOn']","['coffeemaker', 'radio', 'toothbrush']",False,False,13,0.5550384521484375,69,6,"['Walk(radio)', 'PlugIn(radio)', 'Walk(coffeemaker)', 'PlugIn(coffeemaker)', 'SwitchOn(coffeemaker)', 'Walk(toothbrush)']",272
IsPlugged_clock & IsOn_rag_cuttingboard,"['Walk_rag', 'RightGrab_rag', 'Walk_cuttingboard', 'RightPut_rag_cuttingboard', 'Walk_clock', 'PlugIn_clock']","['Walk_clock', 'RightGrab_clock', 'Walk_lightswitch', 'SwitchOn_lightswitch', 'Walk_rag', 'RightGrab_rag', 'Walk_cuttingboard', 'PlugIn_clock']","['Walk', 'RightGrab', 'RightPut', 'PlugIn']","['rag', 'cuttingboard', 'clock']",False,False,13,0.49422216415405273,64,6,"['Walk(clock)', 'PlugIn(clock)', 'Walk(rag)', 'RightGrab(rag)', 'Walk(cuttingboard)', 'RightPut(rag,cuttingboard)']",249
IsNear_self_bathroomcabinet & IsOpen_bathroomcabinet & IsClean_paper,"['Walk_rag', 'RightGrab_rag', 'Walk_paper', 'Wipe_paper', 'Walk_bathroomcabinet', 'Open_bathroomcabinet']","['Walk_bathroomcabinet', 'Open_bathroomcabinet', 'RightGrab_paper']","['Walk', 'RightGrab', 'Wipe', 'Open']","['rag', 'paper', 'bathroomcabinet']",False,False,13,0.4446439743041992,62,6,"['Walk(rag)', 'RightGrab(rag)', 'Walk(paper)', 'Wipe(paper)', 'Walk(bathroomcabinet)', 'Open(bathroomcabinet)']",150
IsNear_self_pie & IsPlugged_mouse,"['Walk_mouse', 'PlugIn_mouse', 'Walk_pie']","['Walk_pie', 'RightGrab_pie', 'Walk_mouse', 'PlugIn_mouse']","['Walk', 'PlugIn']","['mouse', 'pie']",False,False,4,0.02200484275817871,38,3,"['Walk(mouse)', 'PlugIn(mouse)', 'Walk(pie)']",57
IsPlugged_tablelamp & IsOn_clothespants_bathroomcabinet,"['Walk_tablelamp', 'PlugIn_tablelamp', 'Walk_clothespants', 'RightGrab_clothespants', 'Walk_bathroomcabinet', 'RightPut_clothespants_bathroomcabinet']","['Walk_tablelamp', 'PlugIn_tablelamp', 'Walk_clothespants', 'RightGrab_clothespants', 'Walk_bathroomcabinet', 'RightPutOn_clothespants_bathroomcabinet']","['Walk', 'PlugIn', 'RightGrab', 'RightPut']","['tablelamp', 'clothespants', 'bathroomcabinet']",False,False,13,0.4320964813232422,64,6,"['Walk(tablelamp)', 'PlugIn(tablelamp)', 'Walk(clothespants)', 'RightGrab(clothespants)', 'Walk(bathroomcabinet)', 'RightPut(clothespants,bathroomcabinet)']",249
IsPlugged_oven & IsSwitchedOn_computer,"['Walk_computer', 'SwitchOn_computer', 'Walk_oven', 'PlugIn_oven']","['Walk_oven', 'PlugIn_oven', 'Walk_computer', 'SwitchOn_computer']","['Walk', 'SwitchOn', 'PlugIn']","['computer', 'oven']",False,False,8,0.3378734588623047,46,4,"['Walk(computer)', 'SwitchOn(computer)', 'Walk(oven)', 'PlugIn(oven)']",131
IsPlugged_dishwasher & IsNear_self_coffeemaker,"['Walk_dishwasher', 'PlugIn_dishwasher', 'Walk_coffeemaker']","['Walk_dishwasher', 'PlugIn_dishwasher', 'Walk_coffeemaker']","['Walk', 'PlugIn']","['dishwasher', 'coffeemaker']",False,False,4,0.029006481170654297,38,3,"['Walk(dishwasher)', 'PlugIn(dishwasher)', 'Walk(coffeemaker)']",57
IsPlugged_mouse & IsClean_apple,"['Walk_mouse', 'PlugIn_mouse', 'Walk_apple', 'RightGrab_apple', 'Walk_faucet', 'SwitchOn_faucet', 'Wash_apple']","['Walk_mouse', 'RightGrab_mouse', 'Walk_wallphone', 'PlugIn_mouse', 'Walk_apple', 'RightGrab_apple', 'Walk_faucet', 'SwitchOn_faucet', 'Wash_apple']","['Walk', 'PlugIn', 'RightGrab', 'SwitchOn', 'Wash']","['mouse', 'apple', 'faucet']",False,False,22,1.1413321495056152,75,7,"['Walk(apple)', 'RightGrab(apple)', 'Walk(faucet)', 'SwitchOn(faucet)', 'Wash(apple)', 'Walk(mouse)', 'PlugIn(mouse)']",383
IsSwitchedOn_washingmachine & IsSwitchedOn_remotecontrol & IsIn_papertowel_bookshelf,"['Walk_remotecontrol', 'SwitchOn_remotecontrol', 'Walk_papertowel', 'LeftGrab_papertowel', 'Walk_bookshelf', 'LeftPutIn_papertowel_bookshelf', 'Walk_washingmachine', 'PlugIn_washingmachine', 'SwitchOn_washingmachine']","['Walk_washingmachine', 'SwitchOn_washingmachine', 'Walk_remotecontrol', 'SwitchOn_remotecontrol', 'Walk_papertowel', 'RightGrab_papertowel', 'Walk_bookshelf', 'RightPutIn_papertowel_bookshelf']","['Walk', 'SwitchOn', 'LeftGrab', 'LeftPutIn', 'PlugIn']","['remotecontrol', 'papertowel', 'bookshelf', 'washingmachine']",False,False,30,1.4382708072662354,99,9,"['Walk(washingmachine)', 'PlugIn(washingmachine)', 'SwitchOn(washingmachine)', 'Walk(papertowel)', 'LeftGrab(papertowel)', 'Walk(bookshelf)', 'LeftPutIn(papertowel,bookshelf)', 'Walk(remotecontrol)', 'SwitchOn(remotecontrol)']",821
IsIn_bananas_kitchencabinet & IsClose_kitchencabinet & IsSwitchedOn_clock,"['Walk_bananas', 'RightGrab_bananas', 'Walk_kitchencabinet', 'Open_kitchencabinet', 'RightPutIn_bananas_kitchencabinet', 'Close_kitchencabinet', 'Walk_clock', 'PlugIn_clock', 'SwitchOn_clock']","['Walk_bananas', 'RightGrab_bananas', 'Walk_kitchencabinet', 'Close_kitchencabinet', 'Walk_clock', 'SwitchOn_clock']","['Walk', 'RightGrab', 'Open', 'RightPutIn', 'Close', 'PlugIn', 'SwitchOn']","['bananas', 'kitchencabinet', 'clock']",False,False,37,2.837940216064453,82,9,"['Walk(bananas)', 'RightGrab(bananas)', 'Walk(kitchencabinet)', 'Open(kitchencabinet)', 'RightPutIn(bananas,kitchencabinet)', 'Close(kitchencabinet)', 'Walk(clock)', 'PlugIn(clock)', 'SwitchOn(clock)']",1186
IsPlugged_cellphone & IsOn_candle_bathroomcabinet,"['Walk_candle', 'RightGrab_candle', 'Walk_bathroomcabinet', 'RightPut_candle_bathroomcabinet', 'Walk_cellphone', 'PlugIn_cellphone']","['Walk_bathroomcabinet', 'RightGrab_candle', 'Walk_cellphone', 'PlugIn_cellphone']","['Walk', 'RightGrab', 'RightPut', 'PlugIn']","['candle', 'bathroomcabinet', 'cellphone']",False,False,13,0.3486311435699463,64,6,"['Walk(cellphone)', 'PlugIn(cellphone)', 'Walk(candle)', 'RightGrab(candle)', 'Walk(bathroomcabinet)', 'RightPut(candle,bathroomcabinet)']",249
IsClean_clothesshirt & IsSwitchedOn_wallphone,"['Walk_rag', 'RightGrab_rag', 'Walk_clothesshirt', 'Wipe_clothesshirt', 'Walk_wallphone', 'PlugIn_wallphone', 'SwitchOn_wallphone']","['Walk_clothesshirt', 'RightGrab_clothesshirt', 'Walk_faucet', 'SwitchOn_faucet', 'Wash_clothesshirt', 'Walk_wallphone', 'SwitchOn_wallphone']","['Walk', 'RightGrab', 'Wipe', 'PlugIn', 'SwitchOn']","['rag', 'clothesshirt', 'wallphone']",False,False,26,1.7090086936950684,75,7,"['Walk(wallphone)', 'PlugIn(wallphone)', 'SwitchOn(wallphone)', 'Walk(rag)', 'RightGrab(rag)', 'Walk(clothesshirt)', 'Wipe(clothesshirt)']",499
IsOpen_fridge & IsCut_cutlets,"['Walk_fridge', 'Open_fridge', 'Walk_cutlets', 'LeftGrab_cutlets', 'Walk_kitchenknife', 'RightGrab_kitchenknife', 'Cut_cutlets']","['Walk_fridge', 'Open_fridge', 'Walk_kitchenknife', 'RightGrab_kitchenknife', 'Walk_cutlets', 'LeftGrab_cutlets', 'Cut_cutlets']","['Walk', 'Open', 'LeftGrab', 'RightGrab', 'Cut']","['fridge', 'cutlets', 'kitchenknife']",False,False,17,1.1505954265594482,67,7,"['Walk(fridge)', 'Open(fridge)', 'Walk(kitchenknife)', 'RightGrab(kitchenknife)', 'Walk(cutlets)', 'LeftGrab(cutlets)', 'Cut(cutlets)']",342
IsClean_bathtub & IsPlugged_oven,"['Walk_rag', 'RightGrab_rag', 'Walk_oven', 'PlugIn_oven', 'Walk_bathtub', 'Wipe_bathtub']","['Walk_bathtub', 'RightGrab_rag', 'Walk_faucet', 'SwitchOn_faucet', 'Wash_bathtub', 'Walk_oven', 'PlugIn_oven']","['Walk', 'RightGrab', 'PlugIn', 'Wipe']","['rag', 'oven', 'bathtub']",False,False,14,0.623680591583252,67,6,"['Walk(rag)', 'RightGrab(rag)', 'Walk(bathtub)', 'Wipe(bathtub)', 'Walk(oven)', 'PlugIn(oven)']",271
IsClean_condimentbottle & IsSwitchedOn_computer,"['Walk_computer', 'SwitchOn_computer', 'Walk_rag', 'LeftGrab_rag', 'Walk_condimentbottle', 'Wipe_condimentbottle']","['Walk_condimentbottle', 'RightGrab_condimentbottle', 'Walk_sink', 'SwitchOn_faucet', 'Wash_condimentbottle', 'Walk_computer', 'SwitchOn_computer']","['Walk', 'SwitchOn', 'LeftGrab', 'Wipe']","['computer', 'rag', 'condimentbottle']",False,False,13,0.4835991859436035,67,6,"['Walk(computer)', 'SwitchOn(computer)', 'Walk(rag)', 'LeftGrab(rag)', 'Walk(condimentbottle)', 'Wipe(condimentbottle)']",270
IsNear_self_condimentshaker & IsClean_rug & IsOpen_clothespile,"['Walk_rag', 'RightGrab_rag', 'Walk_clothespile', 'Open_clothespile', 'Walk_rug', 'Wipe_rug', 'Walk_condimentshaker']","['Walk_condimentshaker', 'RightGrab_condimentshaker', 'Walk_rug', 'RightGrab_rug', 'Walk_clothespile', 'Open_clothespile']","['Walk', 'RightGrab', 'Open', 'Wipe']","['rag', 'clothespile', 'rug', 'condimentshaker']",False,False,15,0.6392395496368408,77,7,"['Walk(rag)', 'RightGrab(rag)', 'Walk(rug)', 'Wipe(rug)', 'Walk(clothespile)', 'Open(clothespile)', 'Walk(condimentshaker)']",374
IsIn_salad_toilet & IsClose_toilet & IsOpen_milk,"['Walk_salad', 'RightGrab_salad', 'Walk_milk', 'Open_milk', 'Walk_toilet', 'Open_toilet', 'RightPutIn_salad_toilet', 'Close_toilet']","['Walk_salad', 'RightGrab_salad', 'Walk_toilet', 'Close_toilet', 'Walk_milk', 'Open_milk']","['Walk', 'RightGrab', 'Open', 'RightPutIn', 'Close']","['salad', 'milk', 'toilet']",False,False,32,2.2514915466308594,69,8,"['Walk(salad)', 'RightGrab(salad)', 'Walk(milk)', 'Open(milk)', 'Walk(toilet)', 'Open(toilet)', 'RightPutIn(salad,toilet)', 'Close(toilet)']",864
IsPlugged_tv & IsOpen_garbagecan & IsCut_apple,"['Walk_kitchenknife', 'RightGrab_kitchenknife', 'Walk_tv', 'PlugIn_tv', 'Walk_garbagecan', 'Open_garbagecan', 'Walk_apple', 'LeftGrab_apple', 'Cut_apple']","['Walk_tv', 'SwitchOn_tv', 'Walk_garbagecan', 'Open_garbagecan', 'Walk_kitchenknife', 'RightGrab_kitchenknife', 'Walk_apple', 'RightGrab_apple', 'Cut_apple']","['Walk', 'RightGrab', 'PlugIn', 'Open', 'LeftGrab', 'Cut']","['kitchenknife', 'tv', 'garbagecan', 'apple']",False,False,35,2.4769816398620605,90,9,"['Walk(kitchenknife)', 'RightGrab(kitchenknife)', 'Walk(tv)', 'PlugIn(tv)', 'Walk(garbagecan)', 'Open(garbagecan)', 'Walk(apple)', 'LeftGrab(apple)', 'Cut(apple)']",667
IsOpen_fridge & IsIn_wine_stove & IsClose_stove,"['Walk_wine', 'RightGrab_wine', 'Walk_stove', 'Open_stove', 'RightPutIn_wine_stove', 'Close_stove', 'Walk_fridge', 'Open_fridge']","['Walk_fridge', 'Open_fridge', 'Walk_wine', 'RightGrab_wine', 'Walk_stove', 'Close_stove']","['Walk', 'RightGrab', 'Open', 'RightPutIn', 'Close']","['wine', 'stove', 'fridge']",False,False,36,2.6563329696655273,69,8,"['Walk(wine)', 'RightGrab(wine)', 'Walk(stove)', 'Open(stove)', 'RightPutIn(wine,stove)', 'Close(stove)', 'Walk(fridge)', 'Open(fridge)']",916
IsSwitchedOn_faucet & IsIn_fryingpan_kitchencabinet & IsClose_kitchencabinet,"['Walk_fryingpan', 'RightGrab_fryingpan', 'Walk_kitchencabinet', 'Open_kitchencabinet', 'RightPutIn_fryingpan_kitchencabinet', 'Close_kitchencabinet', 'Walk_faucet', 'SwitchOn_faucet']","['Walk_faucet', 'SwitchOn_faucet', 'Walk_fryingpan', 'RightGrab_fryingpan', 'Walk_kitchencabinet', 'Close_kitchencabinet']","['Walk', 'RightGrab', 'Open', 'RightPutIn', 'Close', 'SwitchOn']","['fryingpan', 'kitchencabinet', 'faucet']",False,False,32,2.097352981567383,89,9,"['Walk(fryingpan)', 'RightGrab(fryingpan)', 'Walk(kitchencabinet)', 'Open(kitchencabinet)', 'Walk(faucet)', 'SwitchOn(faucet)', 'Walk(kitchencabinet)', 'RightPutIn(fryingpan,kitchencabinet)', 'Close(kitchencabinet)']",937
IsOpen_toothpaste & IsCut_pie,"['Walk_kitchenknife', 'RightGrab_kitchenknife', 'Walk_toothpaste', 'Open_toothpaste', 'Walk_pie', 'LeftGrab_pie', 'Cut_pie']","['Walk_toothpaste', 'RightGrab_toothpaste', 'Open_toothpaste']","['Walk', 'RightGrab', 'Open', 'LeftGrab', 'Cut']","['kitchenknife', 'toothpaste', 'pie']",False,False,17,1.0009701251983643,67,7,"['Walk(toothpaste)', 'Open(toothpaste)', 'Walk(kitchenknife)', 'RightGrab(kitchenknife)', 'Walk(pie)', 'LeftGrab(pie)', 'Cut(pie)']",342
IsOn_pear_boardgame & IsCut_salmon & IsNear_self_salad,"['Walk_pear', 'RightGrab_pear', 'Walk_boardgame', 'RightPut_pear_boardgame', 'Walk_kitchenknife', 'RightGrab_kitchenknife', 'Walk_salmon', 'LeftGrab_salmon', 'Walk_salad', 'Cut_salmon']","['Walk_pear', 'RightGrab_pear', 'Walk_boardgame', 'RightPut_pear_boardgame', 'Walk_salmon', 'RightGrab_salmon', 'Walk_kitchenknife', 'RightGrab_kitchenknife', 'Cut_salmon', 'Walk_self', 'RightGrab_self', 'Walk_salad', 'RightPut_salmon_salad']","['Walk', 'RightGrab', 'RightPut', 'LeftGrab', 'Cut']","['pear', 'boardgame', 'kitchenknife', 'salmon', 'salad']",False,False,37,1.3369531631469727,105,10,"['Walk(pear)', 'RightGrab(pear)', 'Walk(boardgame)', 'RightPut(pear,boardgame)', 'Walk(kitchenknife)', 'RightGrab(kitchenknife)', 'Walk(salmon)', 'LeftGrab(salmon)', 'Walk(salad)', 'Cut(salmon)']",1155
IsSwitchedOn_wallphone & IsCut_peach,"['Walk_kitchenknife', 'RightGrab_kitchenknife', 'Walk_wallphone', 'PlugIn_wallphone', 'SwitchOn_wallphone', 'Walk_peach', 'LeftGrab_peach', 'Cut_peach']","['Walk_wallphone', 'SwitchOn_wallphone', 'Walk_knife', 'RightGrab_knife', 'Walk_peach', 'LeftGrab_peach', 'Cut_peach']","['Walk', 'RightGrab', 'PlugIn', 'SwitchOn', 'LeftGrab', 'Cut']","['kitchenknife', 'wallphone', 'peach']",False,False,24,1.8898212909698486,80,8,"['Walk(wallphone)', 'PlugIn(wallphone)', 'SwitchOn(wallphone)', 'Walk(kitchenknife)', 'RightGrab(kitchenknife)', 'Walk(peach)', 'LeftGrab(peach)', 'Cut(peach)']",594
IsCut_cutlets & IsPlugged_toaster,"['Walk_kitchenknife', 'RightGrab_kitchenknife', 'Walk_toaster', 'PlugIn_toaster', 'Walk_cutlets', 'LeftGrab_cutlets', 'Cut_cutlets']","['Walk_kitchenknife', 'RightGrab_kitchenknife', 'Walk_cutlets', 'LeftGrab_cutlets', 'Cut_cutlets', 'Walk_toaster', 'PlugIn_toaster']","['Walk', 'RightGrab', 'PlugIn', 'LeftGrab', 'Cut']","['kitchenknife', 'toaster', 'cutlets']",False,False,17,1.1539673805236816,72,7,"['Walk(toaster)', 'PlugIn(toaster)', 'Walk(kitchenknife)', 'RightGrab(kitchenknife)', 'Walk(cutlets)', 'LeftGrab(cutlets)', 'Cut(cutlets)']",311
IsCut_pie & IsSwitchedOn_clock & IsSwitchedOn_stove,"['Walk_kitchenknife', 'RightGrab_kitchenknife', 'Walk_clock', 'PlugIn_clock', 'SwitchOn_clock', 'Walk_stove', 'SwitchOn_stove', 'Walk_pie', 'LeftGrab_pie', 'Cut_pie']","['Walk_kitchenknife', 'RightGrab_kitchenknife', 'Walk_pie', 'LeftGrab_pie', 'Cut_pie', 'Walk_clock', 'SwitchOn_clock', 'Walk_stove', 'SwitchOn_stove']","['Walk', 'RightGrab', 'PlugIn', 'SwitchOn', 'LeftGrab', 'Cut']","['kitchenknife', 'clock', 'stove', 'pie']",False,False,41,3.2916204929351807,103,10,"['Walk(stove)', 'SwitchOn(stove)', 'Walk(kitchenknife)', 'RightGrab(kitchenknife)', 'Walk(clock)', 'PlugIn(clock)', 'SwitchOn(clock)', 'Walk(pie)', 'LeftGrab(pie)', 'Cut(pie)']",1209
IsCut_salmon & IsNear_self_boardgame,"['Walk_kitchenknife', 'RightGrab_kitchenknife', 'Walk_salmon', 'LeftGrab_salmon', 'Walk_boardgame', 'Cut_salmon']","['Walk_salmon', 'RightGrab_salmon', 'Walk_boardgame', 'RightGrab_boardgame', 'Cut_salmon']","['Walk', 'RightGrab', 'LeftGrab', 'Cut']","['kitchenknife', 'salmon', 'boardgame']",False,False,16,0.29810643196105957,64,6,"['Walk(kitchenknife)', 'RightGrab(kitchenknife)', 'Walk(salmon)', 'LeftGrab(salmon)', 'Walk(boardgame)', 'Cut(salmon)']",263
IsOpen_washingmachine & IsPlugged_mouse,"['Walk_washingmachine', 'Open_washingmachine', 'Walk_mouse', 'PlugIn_mouse']","['Walk_washingmachine', 'Open_washingmachine']","['Walk', 'Open', 'PlugIn']","['washingmachine', 'mouse']",False,False,8,0.23260235786437988,41,4,"['Walk(mouse)', 'PlugIn(mouse)', 'Walk(washingmachine)', 'Open(washingmachine)']",131
IsCut_pancake & IsIn_dishbowl_toilet & IsClose_toilet,"['Walk_dishbowl', 'RightGrab_dishbowl', 'Walk_toilet', 'Open_toilet', 'RightPutIn_dishbowl_toilet', 'Close_toilet', 'Walk_kitchenknife', 'RightGrab_kitchenknife', 'Walk_pancake', 'LeftGrab_pancake', 'Cut_pancake']","['Walk_pancake', 'RightGrab_pancake', 'Walk_kitchenknife', 'RightGrab_kitchenknife', 'Walk_dishbowl_toilet', 'RightPutIn_pancake_dishbowl', 'Close_toilet']","['Walk', 'RightGrab', 'Open', 'RightPutIn', 'Close', 'LeftGrab', 'Cut']","['dishbowl', 'toilet', 'kitchenknife', 'pancake']",False,False,37,3.8704471588134766,100,11,"['Walk(dishbowl)', 'RightGrab(dishbowl)', 'Walk(toilet)', 'Open(toilet)', 'RightPutIn(dishbowl,toilet)', 'Close(toilet)', 'Walk(kitchenknife)', 'RightGrab(kitchenknife)', 'Walk(pancake)', 'LeftGrab(pancake)', 'Cut(pancake)']",1248
IsSwitchedOn_clock & IsNear_self_plum & IsOn_creamybuns_floor,"['Walk_clock', 'PlugIn_clock', 'SwitchOn_clock', 'Walk_creamybuns', 'LeftGrab_creamybuns', 'Walk_floor', 'LeftPut_creamybuns_floor', 'Walk_plum']","['Walk_clock', 'SwitchOn_clock', 'Walk_plum', 'RightGrab_plum', 'Walk_creamybuns', 'RightGrab_creamybuns', 'Walk_floor', 'RightPut_creamybuns_floor']","['Walk', 'PlugIn', 'SwitchOn', 'LeftGrab', 'LeftPut']","['clock', 'creamybuns', 'floor', 'plum']",False,False,19,1.214439868927002,87,8,"['Walk(clock)', 'PlugIn(clock)', 'SwitchOn(clock)', 'Walk(creamybuns)', 'LeftGrab(creamybuns)', 'Walk(floor)', 'LeftPut(creamybuns,floor)', 'Walk(plum)']",537
IsCut_lime & IsCut_lime,"['Walk_kitchenknife', 'RightGrab_kitchenknife', 'Walk_lime', 'LeftGrab_lime', 'Cut_lime']","['Walk_kitchenknife', 'RightGrab_kitchenknife', 'Walk_lime', 'LeftGrab_lime', 'Cut_lime']","['Walk', 'RightGrab', 'LeftGrab', 'Cut']","['kitchenknife', 'lime']",False,False,9,0.3849349021911621,49,5,"['Walk(kitchenknife)', 'RightGrab(kitchenknife)', 'Walk(lime)', 'LeftGrab(lime)', 'Cut(lime)']",133
IsOn_clothesshirt_bench & IsSwitchedOn_oven,"['Walk_oven', 'PlugIn_oven', 'SwitchOn_oven', 'Walk_clothesshirt', 'LeftGrab_clothesshirt', 'Walk_bench', 'LeftPut_clothesshirt_bench']","['Walk_clothesshirt', 'RightGrab_clothesshirt', 'Walk_bench', 'RightPut_clothesshirt_bench', 'Walk_oven', 'SwitchOn_oven']","['Walk', 'PlugIn', 'SwitchOn', 'LeftGrab', 'LeftPut']","['oven', 'clothesshirt', 'bench']",False,False,16,0.8778314590454102,72,7,"['Walk(oven)', 'PlugIn(oven)', 'SwitchOn(oven)', 'Walk(clothesshirt)', 'LeftGrab(clothesshirt)', 'Walk(bench)', 'LeftPut(clothesshirt,bench)']",289
IsOpen_curtains & IsClean_wineglass & IsIn_toiletpaper_box,"['Walk_toiletpaper', 'RightGrab_toiletpaper', 'Walk_box', 'Open_box', 'RightPutIn_toiletpaper_box', 'Walk_curtains', 'Open_curtains', 'Walk_rag', 'RightGrab_rag', 'Walk_wineglass', 'Wipe_wineglass']","['Walk_curtains', 'Open_curtains', 'Walk_wineglass', 'RightGrab_wineglass', 'Walk_faucet', 'SwitchOn_faucet', 'Wash_wineglass', 'Walk_toiletpaper', 'RightGrab_toiletpaper', 'Walk_box', 'RightPutIn_toiletpaper_box']","['Walk', 'RightGrab', 'Open', 'RightPutIn', 'Wipe']","['toiletpaper', 'box', 'curtains', 'rag', 'wineglass']",True,True,70,5.05925726890564,0,0,[],306
IsOn_sundae_floor & IsSwitchedOn_faucet & IsPlugged_tablelamp,"['Walk_tablelamp', 'PlugIn_tablelamp', 'Walk_sundae', 'RightGrab_sundae', 'Walk_faucet', 'SwitchOn_faucet', 'Walk_floor', 'RightPut_sundae_floor']","['Walk_sundae', 'RightGrab_sundae', 'Walk_floor', 'RightPut_sundae_floor', 'Walk_faucet', 'SwitchOn_faucet', 'Walk_tablelamp', 'PlugIn_tablelamp']","['Walk', 'PlugIn', 'RightGrab', 'SwitchOn', 'RightPut']","['tablelamp', 'sundae', 'faucet', 'floor']",False,False,30,2.167163372039795,87,8,"['Walk(tablelamp)', 'PlugIn(tablelamp)', 'Walk(sundae)', 'RightGrab(sundae)', 'Walk(faucet)', 'SwitchOn(faucet)', 'Walk(floor)', 'RightPut(sundae,floor)']",679
IsSwitchedOn_lightswitch & IsOpen_door & IsCut_plum,"['Walk_lightswitch', 'PlugIn_lightswitch', 'SwitchOn_lightswitch', 'Walk_kitchenknife', 'RightGrab_kitchenknife', 'Walk_door', 'Open_door', 'Walk_plum', 'LeftGrab_plum', 'Cut_plum']","['Walk_lightswitch', 'SwitchOn_lightswitch', 'Walk_door', 'Open_door', 'Walk_plum', 'RightGrab_plum', 'Cut_plum']","['Walk', 'PlugIn', 'SwitchOn', 'RightGrab', 'Open', 'LeftGrab', 'Cut']","['lightswitch', 'kitchenknife', 'door', 'plum']",False,False,39,3.345252275466919,98,10,"['Walk(door)', 'Open(door)', 'Walk(lightswitch)', 'PlugIn(lightswitch)', 'SwitchOn(lightswitch)', 'Walk(plum)', 'LeftGrab(plum)', 'Walk(kitchenknife)', 'RightGrab(kitchenknife)', 'Cut(plum)']",1175
IsIn_clothespile_washingmachine & IsClose_washingmachine & IsOn_mincedmeat_cuttingboard,"['Walk_mincedmeat', 'LeftGrab_mincedmeat', 'Walk_clothespile', 'RightGrab_clothespile', 'Walk_cuttingboard', 'LeftPut_mincedmeat_cuttingboard', 'Walk_washingmachine', 'PlugIn_washingmachine', 'Open_washingmachine', 'RightPutIn_clothespile_washingmachine', 'Close_washingmachine']","['Walk_clothespile', 'RightGrab_clothespile', 'Walk_washingmachine', 'Close_washingmachine', 'Walk_mincedmeat', 'RightGrab_mincedmeat', 'Walk_cuttingboard', 'LeftPut_mincedmeat_cuttingboard']","['Walk', 'LeftGrab', 'RightGrab', 'LeftPut', 'PlugIn', 'Open', 'RightPutIn', 'Close']","['mincedmeat', 'clothespile', 'cuttingboard', 'washingmachine']",False,False,55,4.7278807163238525,100,11,"['Walk(clothespile)', 'RightGrab(clothespile)', 'Walk(mincedmeat)', 'LeftGrab(mincedmeat)', 'Walk(cuttingboard)', 'LeftPut(mincedmeat,cuttingboard)', 'Walk(washingmachine)', 'PlugIn(washingmachine)', 'Open(washingmachine)', 'RightPutIn(clothespile,washingmachine)', 'Close(washingmachine)']",1084
IsCut_salmon & IsIn_folder_nightstand & IsClose_nightstand,"['Walk_folder', 'RightGrab_folder', 'Walk_nightstand', 'Open_nightstand', 'RightPutIn_folder_nightstand', 'Close_nightstand', 'Walk_salmon', 'LeftGrab_salmon', 'Walk_kitchenknife', 'RightGrab_kitchenknife', 'Cut_salmon']","['Walk_salmon', 'RightGrab_salmon', 'Walk_kitchenknife', 'RightGrab_kitchenknife', 'Walk_folder', 'RightGrab_folder', 'Walk_nightstand', 'Close_nightstand']","['Walk', 'RightGrab', 'Open', 'RightPutIn', 'Close', 'LeftGrab', 'Cut']","['folder', 'nightstand', 'salmon', 'kitchenknife']",False,False,37,3.500682830810547,100,11,"['Walk(folder)', 'RightGrab(folder)', 'Walk(nightstand)', 'Open(nightstand)', 'RightPutIn(folder,nightstand)', 'Close(nightstand)', 'Walk(kitchenknife)', 'RightGrab(kitchenknife)', 'Walk(salmon)', 'LeftGrab(salmon)', 'Cut(salmon)']",1248
IsOpen_coffeepot & IsSwitchedOn_toaster,"['Walk_coffeepot', 'Open_coffeepot', 'Walk_toaster', 'PlugIn_toaster', 'SwitchOn_toaster']","['Walk_coffeepot', 'RightGrab_coffeepot', 'Open_coffeepot', 'Walk_toaster', 'SwitchOn_toaster']","['Walk', 'Open', 'PlugIn', 'SwitchOn']","['coffeepot', 'toaster']",False,False,13,0.893836259841919,49,5,"['Walk(coffeepot)', 'Open(coffeepot)', 'Walk(toaster)', 'PlugIn(toaster)', 'SwitchOn(toaster)']",264
IsPlugged_washingmachine & IsSwitchedOn_candle & IsNear_self_dishbowl,"['Walk_candle', 'SwitchOn_candle', 'Walk_washingmachine', 'PlugIn_washingmachine', 'Walk_dishbowl']","['Walk_washingmachine', 'RightGrab_washingmachine', 'PlugIn_washingmachine', 'Walk_candle', 'SwitchOn_candle', 'Walk_dishbowl']","['Walk', 'SwitchOn', 'PlugIn']","['candle', 'washingmachine', 'dishbowl']",False,False,9,0.21904873847961426,61,5,"['Walk(candle)', 'SwitchOn(candle)', 'Walk(washingmachine)', 'PlugIn(washingmachine)', 'Walk(dishbowl)']",175
IsNear_self_hairproduct & IsCut_bananas & IsIn_dishbowl_cabinet,"['Walk_dishbowl', 'RightGrab_dishbowl', 'Walk_cabinet', 'Open_cabinet', 'RightPutIn_dishbowl_cabinet', 'Walk_kitchenknife', 'RightGrab_kitchenknife', 'Walk_bananas', 'LeftGrab_bananas', 'Walk_hairproduct', 'Cut_bananas']","['Walk_hairproduct', 'RightGrab_hairproduct', 'Walk_bananan', 'RightGrab_bananas', 'Walk_kitchenknife', 'RightGrab_kitchenknife', 'Walk_dishbowl', 'RightGrab_dishbowl', 'Walk_cabinet', 'RightPutIn_dishbowl_cabinet']","['Walk', 'RightGrab', 'Open', 'RightPutIn', 'LeftGrab', 'Cut']","['dishbowl', 'cabinet', 'kitchenknife', 'bananas', 'hairproduct']",False,False,62,4.551426649093628,112,11,"['Walk(dishbowl)', 'RightGrab(dishbowl)', 'Walk(cabinet)', 'Open(cabinet)', 'RightPutIn(dishbowl,cabinet)', 'Walk(kitchenknife)', 'RightGrab(kitchenknife)', 'Walk(bananas)', 'LeftGrab(bananas)', 'Walk(hairproduct)', 'Cut(bananas)']",2182
IsIn_washingsponge_toilet & IsClose_toilet & IsOn_mug_boardgame,"['Walk_washingsponge', 'RightGrab_washingsponge', 'Walk_toilet', 'Open_toilet', 'RightPutIn_washingsponge_toilet', 'Close_toilet', 'Walk_mug', 'RightGrab_mug', 'Walk_boardgame', 'RightPut_mug_boardgame']","['Walk_washingsponge', 'RightGrab_washingsponge', 'Walk_toilet', 'RightPutIn_washingsponge_toilet', 'Close_toilet', 'Walk_mug', 'RightGrab_mug', 'Walk_boardgame', 'RightPut_mug_boardgame']","['Walk', 'RightGrab', 'Open', 'RightPutIn', 'Close', 'RightPut']","['washingsponge', 'toilet', 'mug', 'boardgame']",False,False,35,3.1861774921417236,92,10,"['Walk(mug)', 'RightGrab(mug)', 'Walk(boardgame)', 'RightPut(mug,boardgame)', 'Walk(washingsponge)', 'RightGrab(washingsponge)', 'Walk(toilet)', 'Open(toilet)', 'RightPutIn(washingsponge,toilet)', 'Close(toilet)']",935
IsSwitchedOn_coffeemaker & IsSwitchedOn_printer & IsOn_pancake_coffeetable,"['Walk_printer', 'PlugIn_printer', 'SwitchOn_printer', 'Walk_pancake', 'RightGrab_pancake', 'Walk_coffeemaker', 'PlugIn_coffeemaker', 'SwitchOn_coffeemaker', 'Walk_coffeetable', 'RightPut_pancake_coffeetable']","['Walk_coffeemaker', 'SwitchOn_coffeemaker', 'Walk_printer', 'SwitchOn_printer', 'Walk_pancake', 'RightGrab_pancake', 'Walk_coffeetable', 'RightPut_pancake_coffeetable']","['Walk', 'PlugIn', 'SwitchOn', 'RightGrab', 'RightPut']","['printer', 'pancake', 'coffeemaker', 'coffeetable']",True,True,59,5.0902769565582275,0,0,[],267
IsCut_carrot & IsOpen_magazine,"['Walk_kitchenknife', 'RightGrab_kitchenknife', 'Walk_magazine', 'Open_magazine', 'Walk_carrot', 'LeftGrab_carrot', 'Cut_carrot']","['Walk_kitchenknife', 'RightGrab_kitchenknife', 'Walk_carrot', 'RightPut_carrot_kitchencounter', 'Walk_magazine', 'Open_magazine']","['Walk', 'RightGrab', 'Open', 'LeftGrab', 'Cut']","['kitchenknife', 'magazine', 'carrot']",False,False,17,1.2975118160247803,67,7,"['Walk(magazine)', 'Open(magazine)', 'Walk(kitchenknife)', 'RightGrab(kitchenknife)', 'Walk(carrot)', 'LeftGrab(carrot)', 'Cut(carrot)']",342
IsNear_self_keyboard & IsOpen_microwave,"['Walk_microwave', 'Open_microwave', 'Walk_keyboard']","['Walk_keyboard', 'RightGrab_keyboard', 'Walk_microwave', 'Open_microwave']","['Walk', 'Open']","['microwave', 'keyboard']",False,False,4,0.031006813049316406,33,3,"['Walk(microwave)', 'Open(microwave)', 'Walk(keyboard)']",57
IsCut_plum & IsPlugged_keyboard,"['Walk_keyboard', 'PlugIn_keyboard', 'Walk_kitchenknife', 'RightGrab_kitchenknife', 'Walk_plum', 'LeftGrab_plum', 'Cut_plum']","['Walk_kitchenknife', 'RightGrab_kitchenknife', 'Walk_plum', 'RightGrab_plum', 'Cut_plum']","['Walk', 'PlugIn', 'RightGrab', 'LeftGrab', 'Cut']","['keyboard', 'kitchenknife', 'plum']",False,False,17,1.0753183364868164,72,7,"['Walk(keyboard)', 'PlugIn(keyboard)', 'Walk(kitchenknife)', 'RightGrab(kitchenknife)', 'Walk(plum)', 'LeftGrab(plum)', 'Cut(plum)']",311
IsOn_breadslice_desk & IsPlugged_tv & IsNear_self_door,"['Walk_tv', 'PlugIn_tv', 'Walk_breadslice', 'RightGrab_breadslice', 'Walk_desk', 'RightPut_breadslice_desk', 'Walk_door']","['Walk_breadslice', 'RightGrab_breadslice', 'Walk_desk', 'RightPut_breadslice_desk', 'Walk_tv', 'PlugIn_tv', 'Walk_door']","['Walk', 'PlugIn', 'RightGrab', 'RightPut']","['tv', 'breadslice', 'desk', 'door']",False,False,14,0.5705966949462891,79,7,"['Walk(tv)', 'PlugIn(tv)', 'Walk(breadslice)', 'RightGrab(breadslice)', 'Walk(desk)', 'RightPut(breadslice,desk)', 'Walk(door)']",364
IsIn_toiletpaper_toilet & IsClose_toilet & IsPlugged_mouse,"['Walk_mouse', 'PlugIn_mouse', 'Walk_toiletpaper', 'RightGrab_toiletpaper', 'Walk_toilet', 'Open_toilet', 'RightPutIn_toiletpaper_toilet', 'Close_toilet']","['Walk_toiletpaper', 'RightGrab_toiletpaper', 'Walk_toilet', 'Close_toilet', 'Walk_mouse', 'PlugIn_mouse']","['Walk', 'PlugIn', 'RightGrab', 'Open', 'RightPutIn', 'Close']","['mouse', 'toiletpaper', 'toilet']",False,False,34,2.706430435180664,89,9,"['Walk(toiletpaper)', 'RightGrab(toiletpaper)', 'Walk(toilet)', 'Open(toilet)', 'Walk(mouse)', 'PlugIn(mouse)', 'Walk(toilet)', 'RightPutIn(toiletpaper,toilet)', 'Close(toilet)']",1024
IsSwitchedOn_microwave & IsPlugged_tablelamp,"['Walk_microwave', 'PlugIn_microwave', 'SwitchOn_microwave', 'Walk_tablelamp', 'PlugIn_tablelamp']","['Walk_microwave', 'SwitchOn_microwave', 'Walk_tablelamp', 'PlugIn_tablelamp']","['Walk', 'PlugIn', 'SwitchOn']","['microwave', 'tablelamp']",False,False,13,0.5537581443786621,54,5,"['Walk(tablelamp)', 'PlugIn(tablelamp)', 'Walk(microwave)', 'PlugIn(microwave)', 'SwitchOn(microwave)']",264
IsNear_self_creamybuns & IsOpen_printer,"['Walk_printer', 'Open_printer', 'Walk_creamybuns']","['Walk_creamybuns', 'RightGrab_creamybuns', 'Walk_printer', 'Open_printer']","['Walk', 'Open']","['printer', 'creamybuns']",False,False,4,0.024005413055419922,33,3,"['Walk(printer)', 'Open(printer)', 'Walk(creamybuns)']",57
IsOpen_bathroomcabinet & IsNear_self_condimentbottle,"['Walk_bathroomcabinet', 'Open_bathroomcabinet', 'Walk_condimentbottle']","['Walk_condimentbottle', 'RightGrab_condimentbottle', 'Walk_bathroomcabinet', 'Open_bathroomcabinet']","['Walk', 'Open']","['bathroomcabinet', 'condimentbottle']",False,False,4,0.031792640686035156,33,3,"['Walk(bathroomcabinet)', 'Open(bathroomcabinet)', 'Walk(condimentbottle)']",57
IsNear_self_apple & IsClean_tvstand,"['Walk_rag', 'LeftGrab_rag', 'Walk_tvstand', 'Wipe_tvstand', 'Walk_apple']","['Walk_apple', 'RightGrab_apple', 'Walk_tvstand', 'RightPut_apple_tvstand']","['Walk', 'LeftGrab', 'Wipe']","['rag', 'tvstand', 'apple']",False,False,6,0.03000664710998535,59,5,"['Walk(rag)', 'LeftGrab(rag)', 'Walk(tvstand)', 'Wipe(tvstand)', 'Walk(apple)']",128
IsIn_candybar_toilet & IsClose_toilet & IsOn_plate_cuttingboard,"['Walk_plate', 'LeftGrab_plate', 'Walk_candybar', 'RightGrab_candybar', 'Walk_cuttingboard', 'LeftPut_plate_cuttingboard', 'Walk_toilet', 'Open_toilet', 'RightPutIn_candybar_toilet', 'Close_toilet']","['Walk_candybar', 'RightGrab_candybar', 'Walk_toilet', 'RightPutIn_candybar_toilet', 'Close_toilet', 'Walk_plate', 'RightGrab_plate', 'Walk_cuttingboard', 'RightPut_plate_cuttingboard']","['Walk', 'LeftGrab', 'RightGrab', 'LeftPut', 'Open', 'RightPutIn', 'Close']","['plate', 'candybar', 'cuttingboard', 'toilet']",False,False,40,2.1291399002075195,92,10,"['Walk(candybar)', 'RightGrab(candybar)', 'Walk(plate)', 'LeftGrab(plate)', 'Walk(cuttingboard)', 'LeftPut(plate,cuttingboard)', 'Walk(toilet)', 'Open(toilet)', 'RightPutIn(candybar,toilet)', 'Close(toilet)']",901
IsClean_paper & IsClean_closet,"['Walk_rag', 'LeftGrab_rag', 'Walk_closet', 'Wipe_closet', 'Walk_paper', 'Wipe_paper']","['Walk_paper', 'RightGrab_paper', 'Walk_closet', 'RightGrab_closet']","['Walk', 'LeftGrab', 'Wipe']","['rag', 'closet', 'paper']",False,False,12,0.12802934646606445,68,6,"['Walk(rag)', 'LeftGrab(rag)', 'Walk(paper)', 'Wipe(paper)', 'Walk(closet)', 'Wipe(closet)']",200
IsIn_cereal_coffeemaker & IsClose_coffeemaker & IsOpen_milk,"['Walk_milk', 'Open_milk', 'Walk_cereal', 'RightGrab_cereal', 'Walk_coffeemaker', 'PlugIn_coffeemaker', 'Open_coffeemaker', 'RightPutIn_cereal_coffeemaker', 'Close_coffeemaker']","['Walk_cereal', 'RightGrab_cereal', 'Walk_coffeemaker', 'RightPutIn_cereal_coffeemaker', 'Close_coffeemaker', 'Walk_milk', 'Open_milk']","['Walk', 'Open', 'RightGrab', 'PlugIn', 'RightPutIn', 'Close']","['milk', 'cereal', 'coffeemaker']",True,True,53,5.106933832168579,0,0,[],254
IsSwitchedOn_cellphone & IsPlugged_cellphone,"['Walk_cellphone', 'PlugIn_cellphone', 'SwitchOn_cellphone']","['Walk_cellphone', 'SwitchOn_cellphone', 'PlugIn_cellphone']","['Walk', 'PlugIn', 'SwitchOn']",['cellphone'],False,False,7,0.19477581977844238,31,3,"['Walk(cellphone)', 'PlugIn(cellphone)', 'SwitchOn(cellphone)']",94
IsClean_hairproduct & IsNear_self_juice & IsClean_coffeepot,"['Walk_rag', 'LeftGrab_rag', 'Walk_coffeepot', 'Wipe_coffeepot', 'Walk_hairproduct', 'Wipe_hairproduct', 'Walk_juice']","['Walk_hairproduct', 'RightGrab_hairproduct', 'Walk_faucet', 'SwitchOn_faucet', 'Wash_hairproduct', 'Walk_self', 'RightGrab_juice', 'Walk_coffeepot', 'RightGrab_coffeepot']","['Walk', 'LeftGrab', 'Wipe']","['rag', 'coffeepot', 'hairproduct', 'juice']",False,False,13,0.13119053840637207,83,7,"['Walk(rag)', 'LeftGrab(rag)', 'Walk(hairproduct)', 'Wipe(hairproduct)', 'Walk(coffeepot)', 'Wipe(coffeepot)', 'Walk(juice)']",331
IsOn_folder_rug & IsNear_self_garbagecan & IsOn_pudding_cabinet,"['Walk_folder', 'LeftGrab_folder', 'Walk_pudding', 'RightGrab_pudding', 'Walk_rug', 'LeftPut_folder_rug', 'Walk_cabinet', 'RightPut_pudding_cabinet', 'Walk_garbagecan']","['Walk_rug', 'RightGrab_folder', 'Walk_garbagecan', 'RightPut_folder_garbagecan', 'Walk_cabinet', 'RightGrab_pudding', 'RightPut_pudding_cabinet']","['Walk', 'LeftGrab', 'RightGrab', 'LeftPut', 'RightPut']","['folder', 'pudding', 'rug', 'cabinet', 'garbagecan']",False,False,25,1.115898847579956,97,9,"['Walk(folder)', 'LeftGrab(folder)', 'Walk(rug)', 'LeftPut(folder,rug)', 'Walk(pudding)', 'RightGrab(pudding)', 'Walk(cabinet)', 'RightPut(pudding,cabinet)', 'Walk(garbagecan)']",749
IsIn_rug_desk & IsClose_desk & IsOpen_coffeemaker,"['Walk_coffeemaker', 'Open_coffeemaker', 'Walk_rug', 'RightGrab_rug', 'Walk_desk', 'Open_desk', 'RightPutIn_rug_desk', 'Close_desk']","['Walk_rug', 'RightGrab_rug', 'Walk_desk', 'RightPutIn_rug_desk', 'Close_desk', 'Walk_coffeemaker', 'Open_coffeemaker']","['Walk', 'Open', 'RightGrab', 'RightPutIn', 'Close']","['coffeemaker', 'rug', 'desk']",False,False,32,2.3869612216949463,69,8,"['Walk(rug)', 'RightGrab(rug)', 'Walk(coffeemaker)', 'Open(coffeemaker)', 'Walk(desk)', 'Open(desk)', 'RightPutIn(rug,desk)', 'Close(desk)']",870
IsIn_chicken_coffeemaker & IsClose_coffeemaker & IsCut_poundcake,"['Walk_chicken', 'RightGrab_chicken', 'Walk_coffeemaker', 'Open_coffeemaker', 'PlugIn_coffeemaker', 'RightPutIn_chicken_coffeemaker', 'Close_coffeemaker', 'Walk_poundcake', 'LeftGrab_poundcake', 'Walk_kitchenknife', 'RightGrab_kitchenknife', 'Cut_poundcake']","['Walk_chicken', 'RightGrab_chicken', 'Walk_coffeemaker', 'RightPutIn_chicken_coffeemaker', 'Close_coffeemaker', 'Walk_poundcake', 'RightGrab_poundcake', 'Walk_kitchenknife', 'RightGrab_kitchenknife', 'Cut_poundcake']","['Walk', 'RightGrab', 'Open', 'PlugIn', 'RightPutIn', 'Close', 'LeftGrab', 'Cut']","['chicken', 'coffeemaker', 'poundcake', 'kitchenknife']",True,True,56,5.003010034561157,0,0,[],251
IsNear_self_crackers & IsClean_bench & IsIn_bananas_kitchencabinet,"['Walk_bananas', 'RightGrab_bananas', 'Walk_kitchencabinet', 'Open_kitchencabinet', 'RightPutIn_bananas_kitchencabinet', 'Walk_rag', 'LeftGrab_rag', 'Walk_bench', 'Wipe_bench', 'Walk_crackers']","['Walk_crackers', 'RightGrab_crackers', 'Walk_bench', 'Wipe_bench', 'Walk_bananas', 'RightGrab_bananas', 'Walk_kitchencabinet', 'RightPutIn_bananas_kitchencabinet']","['Walk', 'RightGrab', 'Open', 'RightPutIn', 'LeftGrab', 'Wipe']","['bananas', 'kitchencabinet', 'rag', 'bench', 'crackers']",True,True,147,5.0146324634552,0,0,[],729
IsClean_garbagecan & IsPlugged_keyboard,"['Walk_rag', 'RightGrab_rag', 'Walk_keyboard', 'PlugIn_keyboard', 'Walk_garbagecan', 'Wipe_garbagecan']","['Walk_garbagecan', 'RightGrab_rag', 'Walk_keyboard', 'PlugIn_keyboard']","['Walk', 'RightGrab', 'PlugIn', 'Wipe']","['rag', 'keyboard', 'garbagecan']",False,False,14,0.7101552486419678,67,6,"['Walk(rag)', 'RightGrab(rag)', 'Walk(garbagecan)', 'Wipe(garbagecan)', 'Walk(keyboard)', 'PlugIn(keyboard)']",271
IsPlugged_keyboard & IsCut_salmon,"['Walk_keyboard', 'PlugIn_keyboard', 'Walk_kitchenknife', 'RightGrab_kitchenknife', 'Walk_salmon', 'LeftGrab_salmon', 'Cut_salmon']","['Walk_keyboard', 'RightGrab_keyboard', 'Walk_wallphone', 'SwitchOn_wallphone', 'PlugIn_keyboard']","['Walk', 'PlugIn', 'RightGrab', 'LeftGrab', 'Cut']","['keyboard', 'kitchenknife', 'salmon']",False,False,17,1.0510303974151611,72,7,"['Walk(keyboard)', 'PlugIn(keyboard)', 'Walk(kitchenknife)', 'RightGrab(kitchenknife)', 'Walk(salmon)', 'LeftGrab(salmon)', 'Cut(salmon)']",311
IsClean_toiletpaper & IsIn_washingsponge_toilet & IsClose_toilet,"['Walk_washingsponge', 'RightGrab_washingsponge', 'Walk_toilet', 'Open_toilet', 'RightPutIn_washingsponge_toilet', 'Close_toilet', 'Walk_rag', 'RightGrab_rag', 'Walk_toiletpaper', 'Wipe_toiletpaper']","['Walk_toiletpaper', 'RightGrab_toiletpaper', 'Walk_washingsponge', 'RightGrab_washingsponge', 'Walk_toilet', 'Close_toilet']","['Walk', 'RightGrab', 'Open', 'RightPutIn', 'Close', 'Wipe']","['washingsponge', 'toilet', 'rag', 'toiletpaper']",True,True,99,5.031048059463501,0,0,[],476
